bus_id,avg_onboard_est,max_onboard,total_boarded
0,214.106029,336,3114
1,220.166320,315,3121
2,212.172557,308,3123
3,214.397089,317,3112
4,228.199584,320,3124
