bus_id,avg_onboard_est,max_onboard,total_boarded
0,1465.563410,3197,3197
1,1462.357588,3196,3196
2,1460.027027,3201,3201
3,1453.875260,3196,3196
4,1446.064449,3194,3194
